Name	Chromosome	Strand	Start	End	Sample_count	EF_mean	EF_median	Sample
REZchr1-1F	chr1	+	25000000	30000000	26	1.6084660916454636	1.5656130485581197	FS185_nucl,FS186_nucl,FS187_nucl,FS188_nucl,FS189_nucl,FS197_nucl,FS198_nucl,FS199_nucl,FS201_nucl,FS203_nucl,FS300_nucl,FS301_nucl,FS303_nucl,FS305_nucl,FS306_nucl,FS307_nucl,FS309_nucl,FS310_nucl,FS326_nucl,FS327_nucl,FS329_nucl,FS331_nucl,FS333_nucl,FS391_nucl,FS392_nucl,FS393_nucl
REZchr1-2F	chr1	+	30000000	35000000	25	1.7702296342508055	1.6680702748806735	FS185_nucl,FS186_nucl,FS188_nucl,FS189_nucl,FS197_nucl,FS198_nucl,FS199_nucl,FS201_nucl,FS203_nucl,FS300_nucl,FS301_nucl,FS303_nucl,FS305_nucl,FS306_nucl,FS307_nucl,FS309_nucl,FS310_nucl,FS326_nucl,FS327_nucl,FS329_nucl,FS331_nucl,FS333_nucl,FS391_nucl,FS392_nucl,FS393_nucl
REZchr1-3F	chr1	+	40000000	45000000	25	1.500087698066058	1.4396126455885772	FS185_nucl,FS186_nucl,FS187_nucl,FS188_nucl,FS197_nucl,FS198_nucl,FS199_nucl,FS201_nucl,FS203_nucl,FS300_nucl,FS301_nucl,FS303_nucl,FS305_nucl,FS306_nucl,FS307_nucl,FS309_nucl,FS310_nucl,FS326_nucl,FS327_nucl,FS329_nucl,FS331_nucl,FS333_nucl,FS391_nucl,FS392_nucl,FS393_nucl
REZchr1-4F	chr1	+	50000000	55000000	25	1.482609116341897	1.423818815739973	FS185_nucl,FS186_nucl,FS187_nucl,FS189_nucl,FS197_nucl,FS198_nucl,FS199_nucl,FS201_nucl,FS203_nucl,FS300_nucl,FS301_nucl,FS303_nucl,FS305_nucl,FS306_nucl,FS307_nucl,FS309_nucl,FS310_nucl,FS326_nucl,FS327_nucl,FS329_nucl,FS331_nucl,FS333_nucl,FS391_nucl,FS392_nucl,FS393_nucl
REZchr1-5F	chr1	+	150000000	155000000	26	1.6058369034155986	1.6167889441091585	FS185_nucl,FS186_nucl,FS187_nucl,FS188_nucl,FS189_nucl,FS197_nucl,FS198_nucl,FS199_nucl,FS201_nucl,FS203_nucl,FS300_nucl,FS301_nucl,FS303_nucl,FS305_nucl,FS306_nucl,FS307_nucl,FS309_nucl,FS310_nucl,FS326_nucl,FS327_nucl,FS329_nucl,FS331_nucl,FS333_nucl,FS391_nucl,FS392_nucl,FS393_nucl
REZchr1-6F	chr1	+	155000000	160000000	24	1.5584833444491848	1.56590990808355	FS185_nucl,FS186_nucl,FS188_nucl,FS189_nucl,FS197_nucl,FS198_nucl,FS201_nucl,FS203_nucl,FS300_nucl,FS301_nucl,FS303_nucl,FS305_nucl,FS306_nucl,FS307_nucl,FS309_nucl,FS310_nucl,FS326_nucl,FS327_nucl,FS329_nucl,FS331_nucl,FS333_nucl,FS391_nucl,FS392_nucl,FS393_nucl
REZchr1-7F	chr1	+	200000000	205000000	25	1.6561105699227647	1.6169051689047005	FS185_nucl,FS186_nucl,FS188_nucl,FS189_nucl,FS197_nucl,FS198_nucl,FS199_nucl,FS201_nucl,FS203_nucl,FS300_nucl,FS301_nucl,FS303_nucl,FS305_nucl,FS306_nucl,FS307_nucl,FS309_nucl,FS310_nucl,FS326_nucl,FS327_nucl,FS329_nucl,FS331_nucl,FS333_nucl,FS391_nucl,FS392_nucl,FS393_nucl
REZchr10-1F	chr10	+	70000000	75000000	25	1.4321341087657342	1.4034436180333336	FS185_nucl,FS186_nucl,FS188_nucl,FS189_nucl,FS197_nucl,FS198_nucl,FS199_nucl,FS201_nucl,FS203_nucl,FS300_nucl,FS301_nucl,FS303_nucl,FS305_nucl,FS306_nucl,FS307_nucl,FS309_nucl,FS310_nucl,FS326_nucl,FS327_nucl,FS329_nucl,FS331_nucl,FS333_nucl,FS391_nucl,FS392_nucl,FS393_nucl
REZchr10-2F	chr10	+	100000000	105000000	26	1.471602159730929	1.4592903862703555	FS185_nucl,FS186_nucl,FS187_nucl,FS188_nucl,FS189_nucl,FS197_nucl,FS198_nucl,FS199_nucl,FS201_nucl,FS203_nucl,FS300_nucl,FS301_nucl,FS303_nucl,FS305_nucl,FS306_nucl,FS307_nucl,FS309_nucl,FS310_nucl,FS326_nucl,FS327_nucl,FS329_nucl,FS331_nucl,FS333_nucl,FS391_nucl,FS392_nucl,FS393_nucl
REZchr11-1F	chr11	+	65000000	70000000	24	1.6869021063490994	1.6158338961496184	FS185_nucl,FS186_nucl,FS187_nucl,FS188_nucl,FS189_nucl,FS197_nucl,FS198_nucl,FS199_nucl,FS201_nucl,FS203_nucl,FS300_nucl,FS301_nucl,FS303_nucl,FS305_nucl,FS306_nucl,FS309_nucl,FS326_nucl,FS327_nucl,FS329_nucl,FS331_nucl,FS333_nucl,FS391_nucl,FS392_nucl,FS393_nucl
REZchr12-1F	chr12	+	0	5000000	24	1.3813610703256505	1.3793706448932475	FS185_nucl,FS186_nucl,FS188_nucl,FS189_nucl,FS197_nucl,FS198_nucl,FS199_nucl,FS201_nucl,FS203_nucl,FS300_nucl,FS301_nucl,FS303_nucl,FS305_nucl,FS306_nucl,FS307_nucl,FS309_nucl,FS310_nucl,FS327_nucl,FS329_nucl,FS331_nucl,FS333_nucl,FS391_nucl,FS392_nucl,FS393_nucl
REZchr12-2F	chr12	+	50000000	55000000	26	1.479528755627097	1.4562639933139536	FS185_nucl,FS186_nucl,FS187_nucl,FS188_nucl,FS189_nucl,FS197_nucl,FS198_nucl,FS199_nucl,FS201_nucl,FS203_nucl,FS300_nucl,FS301_nucl,FS303_nucl,FS305_nucl,FS306_nucl,FS307_nucl,FS309_nucl,FS310_nucl,FS326_nucl,FS327_nucl,FS329_nucl,FS331_nucl,FS333_nucl,FS391_nucl,FS392_nucl,FS393_nucl
REZchr12-3F	chr12	+	110000000	115000000	25	1.4370116491087637	1.4506050323015756	FS185_nucl,FS186_nucl,FS188_nucl,FS189_nucl,FS197_nucl,FS198_nucl,FS199_nucl,FS201_nucl,FS203_nucl,FS300_nucl,FS301_nucl,FS303_nucl,FS305_nucl,FS306_nucl,FS307_nucl,FS309_nucl,FS310_nucl,FS326_nucl,FS327_nucl,FS329_nucl,FS331_nucl,FS333_nucl,FS391_nucl,FS392_nucl,FS393_nucl
REZchr12-4F	chr12	+	115000000	120000000	24	1.3406372601595116	1.3051169588733638	FS185_nucl,FS186_nucl,FS188_nucl,FS189_nucl,FS197_nucl,FS198_nucl,FS201_nucl,FS203_nucl,FS300_nucl,FS301_nucl,FS303_nucl,FS305_nucl,FS306_nucl,FS307_nucl,FS309_nucl,FS310_nucl,FS326_nucl,FS327_nucl,FS329_nucl,FS331_nucl,FS333_nucl,FS391_nucl,FS392_nucl,FS393_nucl
REZchr12-5F	chr12	+	120000000	125000000	26	1.8338245206890997	1.8200697347998729	FS185_nucl,FS186_nucl,FS187_nucl,FS188_nucl,FS189_nucl,FS197_nucl,FS198_nucl,FS199_nucl,FS201_nucl,FS203_nucl,FS300_nucl,FS301_nucl,FS303_nucl,FS305_nucl,FS306_nucl,FS307_nucl,FS309_nucl,FS310_nucl,FS326_nucl,FS327_nucl,FS329_nucl,FS331_nucl,FS333_nucl,FS391_nucl,FS392_nucl,FS393_nucl
REZchr14-1F	chr14	+	90000000	95000000	24	1.3507010234214125	1.3288294261647529	FS185_nucl,FS186_nucl,FS187_nucl,FS188_nucl,FS189_nucl,FS197_nucl,FS198_nucl,FS199_nucl,FS201_nucl,FS203_nucl,FS300_nucl,FS301_nucl,FS303_nucl,FS305_nucl,FS306_nucl,FS307_nucl,FS309_nucl,FS310_nucl,FS326_nucl,FS329_nucl,FS331_nucl,FS333_nucl,FS391_nucl,FS393_nucl
REZchr14-2F	chr14	+	100000000	105000000	25	1.617749924596631	1.5403771283315428	FS185_nucl,FS186_nucl,FS188_nucl,FS189_nucl,FS197_nucl,FS198_nucl,FS199_nucl,FS201_nucl,FS203_nucl,FS300_nucl,FS301_nucl,FS303_nucl,FS305_nucl,FS306_nucl,FS307_nucl,FS309_nucl,FS310_nucl,FS326_nucl,FS327_nucl,FS329_nucl,FS331_nucl,FS333_nucl,FS391_nucl,FS392_nucl,FS393_nucl
REZchr15-1F	chr15	+	65000000	70000000	25	1.5724186728756941	1.6016942917189354	FS185_nucl,FS186_nucl,FS188_nucl,FS189_nucl,FS197_nucl,FS198_nucl,FS199_nucl,FS201_nucl,FS203_nucl,FS300_nucl,FS301_nucl,FS303_nucl,FS305_nucl,FS306_nucl,FS307_nucl,FS309_nucl,FS310_nucl,FS326_nucl,FS327_nucl,FS329_nucl,FS331_nucl,FS333_nucl,FS391_nucl,FS392_nucl,FS393_nucl
REZchr15-2F	chr15	+	70000000	75000000	25	1.5844412222561652	1.640615165916039	FS185_nucl,FS186_nucl,FS187_nucl,FS189_nucl,FS197_nucl,FS198_nucl,FS199_nucl,FS201_nucl,FS203_nucl,FS300_nucl,FS301_nucl,FS303_nucl,FS305_nucl,FS306_nucl,FS307_nucl,FS309_nucl,FS310_nucl,FS326_nucl,FS327_nucl,FS329_nucl,FS331_nucl,FS333_nucl,FS391_nucl,FS392_nucl,FS393_nucl
REZchr15-3F	chr15	+	75000000	80000000	24	1.5913577344413532	1.6492196655334526	FS185_nucl,FS186_nucl,FS188_nucl,FS189_nucl,FS197_nucl,FS198_nucl,FS201_nucl,FS203_nucl,FS300_nucl,FS301_nucl,FS303_nucl,FS305_nucl,FS306_nucl,FS307_nucl,FS309_nucl,FS310_nucl,FS326_nucl,FS327_nucl,FS329_nucl,FS331_nucl,FS333_nucl,FS391_nucl,FS392_nucl,FS393_nucl
REZchr16-1F	chr16	+	0	5000000	26	2.0802502524358597	1.9990197367552511	FS185_nucl,FS186_nucl,FS187_nucl,FS188_nucl,FS189_nucl,FS197_nucl,FS198_nucl,FS199_nucl,FS201_nucl,FS203_nucl,FS300_nucl,FS301_nucl,FS303_nucl,FS305_nucl,FS306_nucl,FS307_nucl,FS309_nucl,FS310_nucl,FS326_nucl,FS327_nucl,FS329_nucl,FS331_nucl,FS333_nucl,FS391_nucl,FS392_nucl,FS393_nucl
REZchr16-2F	chr16	+	65000000	70000000	24	1.4848566138706574	1.4602035289060835	FS185_nucl,FS186_nucl,FS188_nucl,FS189_nucl,FS197_nucl,FS198_nucl,FS201_nucl,FS203_nucl,FS300_nucl,FS301_nucl,FS303_nucl,FS305_nucl,FS306_nucl,FS307_nucl,FS309_nucl,FS310_nucl,FS326_nucl,FS327_nucl,FS329_nucl,FS331_nucl,FS333_nucl,FS391_nucl,FS392_nucl,FS393_nucl
REZchr16-3F	chr16	+	80000000	85000000	24	1.3495878866898419	1.371301459012724	FS185_nucl,FS186_nucl,FS187_nucl,FS188_nucl,FS189_nucl,FS197_nucl,FS198_nucl,FS199_nucl,FS201_nucl,FS203_nucl,FS300_nucl,FS301_nucl,FS303_nucl,FS305_nucl,FS306_nucl,FS307_nucl,FS309_nucl,FS310_nucl,FS327_nucl,FS329_nucl,FS331_nucl,FS333_nucl,FS392_nucl,FS393_nucl
REZchr16-4F	chr16	+	85000000	90000000	25	1.9141889156023344	1.858795490334769	FS185_nucl,FS186_nucl,FS188_nucl,FS189_nucl,FS197_nucl,FS198_nucl,FS199_nucl,FS201_nucl,FS203_nucl,FS300_nucl,FS301_nucl,FS303_nucl,FS305_nucl,FS306_nucl,FS307_nucl,FS309_nucl,FS310_nucl,FS326_nucl,FS327_nucl,FS329_nucl,FS331_nucl,FS333_nucl,FS391_nucl,FS392_nucl,FS393_nucl
REZchr17-1F	chr17	+	0	5000000	25	1.7606552643118847	1.767775816316572	FS185_nucl,FS186_nucl,FS188_nucl,FS189_nucl,FS197_nucl,FS198_nucl,FS199_nucl,FS201_nucl,FS203_nucl,FS300_nucl,FS301_nucl,FS303_nucl,FS305_nucl,FS306_nucl,FS307_nucl,FS309_nucl,FS310_nucl,FS326_nucl,FS327_nucl,FS329_nucl,FS331_nucl,FS333_nucl,FS391_nucl,FS392_nucl,FS393_nucl
REZchr17-2F	chr17	+	5000000	10000000	25	1.5911232425757018	1.590487932980284	FS185_nucl,FS186_nucl,FS187_nucl,FS188_nucl,FS189_nucl,FS197_nucl,FS198_nucl,FS201_nucl,FS203_nucl,FS300_nucl,FS301_nucl,FS303_nucl,FS305_nucl,FS306_nucl,FS307_nucl,FS309_nucl,FS310_nucl,FS326_nucl,FS327_nucl,FS329_nucl,FS331_nucl,FS333_nucl,FS391_nucl,FS392_nucl,FS393_nucl
REZchr17-3F	chr17	+	35000000	40000000	24	1.3637320576927763	1.3133392146480751	FS185_nucl,FS186_nucl,FS188_nucl,FS189_nucl,FS197_nucl,FS198_nucl,FS201_nucl,FS203_nucl,FS300_nucl,FS301_nucl,FS303_nucl,FS305_nucl,FS306_nucl,FS307_nucl,FS309_nucl,FS310_nucl,FS326_nucl,FS327_nucl,FS329_nucl,FS331_nucl,FS333_nucl,FS391_nucl,FS392_nucl,FS393_nucl
REZchr17-4F	chr17	+	40000000	45000000	25	1.6921816401674834	1.6471004905266224	FS185_nucl,FS186_nucl,FS188_nucl,FS189_nucl,FS197_nucl,FS198_nucl,FS199_nucl,FS201_nucl,FS203_nucl,FS300_nucl,FS301_nucl,FS303_nucl,FS305_nucl,FS306_nucl,FS307_nucl,FS309_nucl,FS310_nucl,FS326_nucl,FS327_nucl,FS329_nucl,FS331_nucl,FS333_nucl,FS391_nucl,FS392_nucl,FS393_nucl
REZchr17-5F	chr17	+	45000000	50000000	24	1.4493329812234992	1.4568762567422047	FS185_nucl,FS186_nucl,FS188_nucl,FS189_nucl,FS197_nucl,FS198_nucl,FS201_nucl,FS203_nucl,FS300_nucl,FS301_nucl,FS303_nucl,FS305_nucl,FS306_nucl,FS307_nucl,FS309_nucl,FS310_nucl,FS326_nucl,FS327_nucl,FS329_nucl,FS331_nucl,FS333_nucl,FS391_nucl,FS392_nucl,FS393_nucl
REZchr17-6F	chr17	+	70000000	75000000	24	1.374471752595527	1.3591345543687319	FS185_nucl,FS188_nucl,FS189_nucl,FS197_nucl,FS198_nucl,FS199_nucl,FS201_nucl,FS203_nucl,FS300_nucl,FS301_nucl,FS303_nucl,FS305_nucl,FS306_nucl,FS307_nucl,FS309_nucl,FS310_nucl,FS326_nucl,FS327_nucl,FS329_nucl,FS331_nucl,FS333_nucl,FS391_nucl,FS392_nucl,FS393_nucl
REZchr17-7F	chr17	+	75000000	80000000	25	1.9784520096438833	1.9290840021579505	FS185_nucl,FS186_nucl,FS188_nucl,FS189_nucl,FS197_nucl,FS198_nucl,FS199_nucl,FS201_nucl,FS203_nucl,FS300_nucl,FS301_nucl,FS303_nucl,FS305_nucl,FS306_nucl,FS307_nucl,FS309_nucl,FS310_nucl,FS326_nucl,FS327_nucl,FS329_nucl,FS331_nucl,FS333_nucl,FS391_nucl,FS392_nucl,FS393_nucl
REZchr17-8F	chr17	+	80000000	83257441	25	2.0488894279562113	1.9835733946757768	FS185_nucl,FS186_nucl,FS188_nucl,FS189_nucl,FS197_nucl,FS198_nucl,FS199_nucl,FS201_nucl,FS203_nucl,FS300_nucl,FS301_nucl,FS303_nucl,FS305_nucl,FS306_nucl,FS307_nucl,FS309_nucl,FS310_nucl,FS326_nucl,FS327_nucl,FS329_nucl,FS331_nucl,FS333_nucl,FS391_nucl,FS392_nucl,FS393_nucl
REZchr19-1F	chr19	+	0	5000000	26	2.137049763749846	2.012645572322321	FS185_nucl,FS186_nucl,FS187_nucl,FS188_nucl,FS189_nucl,FS197_nucl,FS198_nucl,FS199_nucl,FS201_nucl,FS203_nucl,FS300_nucl,FS301_nucl,FS303_nucl,FS305_nucl,FS306_nucl,FS307_nucl,FS309_nucl,FS310_nucl,FS326_nucl,FS327_nucl,FS329_nucl,FS331_nucl,FS333_nucl,FS391_nucl,FS392_nucl,FS393_nucl
REZchr19-2F	chr19	+	5000000	10000000	26	1.6742777994336484	1.7017733025904285	FS185_nucl,FS186_nucl,FS187_nucl,FS188_nucl,FS189_nucl,FS197_nucl,FS198_nucl,FS199_nucl,FS201_nucl,FS203_nucl,FS300_nucl,FS301_nucl,FS303_nucl,FS305_nucl,FS306_nucl,FS307_nucl,FS309_nucl,FS310_nucl,FS326_nucl,FS327_nucl,FS329_nucl,FS331_nucl,FS333_nucl,FS391_nucl,FS392_nucl,FS393_nucl
REZchr19-3F	chr19	+	10000000	15000000	26	1.716294718146417	1.7392260615321375	FS185_nucl,FS186_nucl,FS187_nucl,FS188_nucl,FS189_nucl,FS197_nucl,FS198_nucl,FS199_nucl,FS201_nucl,FS203_nucl,FS300_nucl,FS301_nucl,FS303_nucl,FS305_nucl,FS306_nucl,FS307_nucl,FS309_nucl,FS310_nucl,FS326_nucl,FS327_nucl,FS329_nucl,FS331_nucl,FS333_nucl,FS391_nucl,FS392_nucl,FS393_nucl
REZchr19-4F	chr19	+	15000000	20000000	26	1.8158800922230147	1.7755693668909318	FS185_nucl,FS186_nucl,FS187_nucl,FS188_nucl,FS189_nucl,FS197_nucl,FS198_nucl,FS199_nucl,FS201_nucl,FS203_nucl,FS300_nucl,FS301_nucl,FS303_nucl,FS305_nucl,FS306_nucl,FS307_nucl,FS309_nucl,FS310_nucl,FS326_nucl,FS327_nucl,FS329_nucl,FS331_nucl,FS333_nucl,FS391_nucl,FS392_nucl,FS393_nucl
REZchr19-5F	chr19	+	35000000	40000000	26	1.4837047923925069	1.4871771211406732	FS185_nucl,FS186_nucl,FS187_nucl,FS188_nucl,FS189_nucl,FS197_nucl,FS198_nucl,FS199_nucl,FS201_nucl,FS203_nucl,FS300_nucl,FS301_nucl,FS303_nucl,FS305_nucl,FS306_nucl,FS307_nucl,FS309_nucl,FS310_nucl,FS326_nucl,FS327_nucl,FS329_nucl,FS331_nucl,FS333_nucl,FS391_nucl,FS392_nucl,FS393_nucl
REZchr19-6F	chr19	+	40000000	45000000	25	1.5286954478012071	1.5010060757691654	FS185_nucl,FS186_nucl,FS188_nucl,FS189_nucl,FS197_nucl,FS198_nucl,FS199_nucl,FS201_nucl,FS203_nucl,FS300_nucl,FS301_nucl,FS303_nucl,FS305_nucl,FS306_nucl,FS307_nucl,FS309_nucl,FS310_nucl,FS326_nucl,FS327_nucl,FS329_nucl,FS331_nucl,FS333_nucl,FS391_nucl,FS392_nucl,FS393_nucl
REZchr19-7F	chr19	+	45000000	50000000	26	1.8668088161691627	1.9264734451257877	FS185_nucl,FS186_nucl,FS187_nucl,FS188_nucl,FS189_nucl,FS197_nucl,FS198_nucl,FS199_nucl,FS201_nucl,FS203_nucl,FS300_nucl,FS301_nucl,FS303_nucl,FS305_nucl,FS306_nucl,FS307_nucl,FS309_nucl,FS310_nucl,FS326_nucl,FS327_nucl,FS329_nucl,FS331_nucl,FS333_nucl,FS391_nucl,FS392_nucl,FS393_nucl
REZchr19-8F	chr19	+	55000000	58617616	24	1.5535977866425863	1.5004652940628926	FS185_nucl,FS186_nucl,FS188_nucl,FS189_nucl,FS197_nucl,FS198_nucl,FS201_nucl,FS203_nucl,FS300_nucl,FS301_nucl,FS303_nucl,FS305_nucl,FS306_nucl,FS307_nucl,FS309_nucl,FS310_nucl,FS326_nucl,FS327_nucl,FS329_nucl,FS331_nucl,FS333_nucl,FS391_nucl,FS392_nucl,FS393_nucl
REZchr2-1F	chr2	+	25000000	30000000	26	1.4036151953538363	1.3890217903741193	FS185_nucl,FS186_nucl,FS187_nucl,FS188_nucl,FS189_nucl,FS197_nucl,FS198_nucl,FS199_nucl,FS201_nucl,FS203_nucl,FS300_nucl,FS301_nucl,FS303_nucl,FS305_nucl,FS306_nucl,FS307_nucl,FS309_nucl,FS310_nucl,FS326_nucl,FS327_nucl,FS329_nucl,FS331_nucl,FS333_nucl,FS391_nucl,FS392_nucl,FS393_nucl
REZchr2-2F	chr2	+	70000000	75000000	24	1.3566414433249037	1.3533780626908372	FS185_nucl,FS186_nucl,FS189_nucl,FS197_nucl,FS198_nucl,FS199_nucl,FS201_nucl,FS203_nucl,FS300_nucl,FS301_nucl,FS303_nucl,FS305_nucl,FS306_nucl,FS307_nucl,FS309_nucl,FS310_nucl,FS326_nucl,FS327_nucl,FS329_nucl,FS331_nucl,FS333_nucl,FS391_nucl,FS392_nucl,FS393_nucl
REZchr20-1F	chr20	+	60000000	64444167	25	1.6171533129606623	1.56361535755457	FS185_nucl,FS186_nucl,FS188_nucl,FS189_nucl,FS197_nucl,FS198_nucl,FS199_nucl,FS201_nucl,FS203_nucl,FS300_nucl,FS301_nucl,FS303_nucl,FS305_nucl,FS306_nucl,FS307_nucl,FS309_nucl,FS310_nucl,FS326_nucl,FS327_nucl,FS329_nucl,FS331_nucl,FS333_nucl,FS391_nucl,FS392_nucl,FS393_nucl
REZchr22-1F	chr22	+	25000000	30000000	25	1.5607796066249395	1.5961118181944511	FS185_nucl,FS186_nucl,FS188_nucl,FS189_nucl,FS197_nucl,FS198_nucl,FS199_nucl,FS201_nucl,FS203_nucl,FS300_nucl,FS301_nucl,FS303_nucl,FS305_nucl,FS306_nucl,FS307_nucl,FS309_nucl,FS310_nucl,FS326_nucl,FS327_nucl,FS329_nucl,FS331_nucl,FS333_nucl,FS391_nucl,FS392_nucl,FS393_nucl
REZchr22-2F	chr22	+	30000000	35000000	25	1.5088666553937398	1.502208078260836	FS185_nucl,FS186_nucl,FS188_nucl,FS189_nucl,FS197_nucl,FS198_nucl,FS199_nucl,FS201_nucl,FS203_nucl,FS300_nucl,FS301_nucl,FS303_nucl,FS305_nucl,FS306_nucl,FS307_nucl,FS309_nucl,FS310_nucl,FS326_nucl,FS327_nucl,FS329_nucl,FS331_nucl,FS333_nucl,FS391_nucl,FS392_nucl,FS393_nucl
REZchr22-3F	chr22	+	35000000	40000000	25	2.071155296237109	1.9323598484832707	FS185_nucl,FS186_nucl,FS188_nucl,FS189_nucl,FS197_nucl,FS198_nucl,FS199_nucl,FS201_nucl,FS203_nucl,FS300_nucl,FS301_nucl,FS303_nucl,FS305_nucl,FS306_nucl,FS307_nucl,FS309_nucl,FS310_nucl,FS326_nucl,FS327_nucl,FS329_nucl,FS331_nucl,FS333_nucl,FS391_nucl,FS392_nucl,FS393_nucl
REZchr22-4F	chr22	+	40000000	45000000	26	1.9139396390818044	1.8748213251654766	FS185_nucl,FS186_nucl,FS187_nucl,FS188_nucl,FS189_nucl,FS197_nucl,FS198_nucl,FS199_nucl,FS201_nucl,FS203_nucl,FS300_nucl,FS301_nucl,FS303_nucl,FS305_nucl,FS306_nucl,FS307_nucl,FS309_nucl,FS310_nucl,FS326_nucl,FS327_nucl,FS329_nucl,FS331_nucl,FS333_nucl,FS391_nucl,FS392_nucl,FS393_nucl
REZchr22-5F	chr22	+	45000000	50000000	25	1.8661130299349973	1.8496604478087377	FS185_nucl,FS186_nucl,FS188_nucl,FS189_nucl,FS197_nucl,FS198_nucl,FS199_nucl,FS201_nucl,FS203_nucl,FS300_nucl,FS301_nucl,FS303_nucl,FS305_nucl,FS306_nucl,FS307_nucl,FS309_nucl,FS310_nucl,FS326_nucl,FS327_nucl,FS329_nucl,FS331_nucl,FS333_nucl,FS391_nucl,FS392_nucl,FS393_nucl
REZchr22-6F	chr22	+	50000000	50818468	24	2.272883151757678	2.1254736092662627	FS185_nucl,FS186_nucl,FS188_nucl,FS189_nucl,FS197_nucl,FS198_nucl,FS201_nucl,FS203_nucl,FS300_nucl,FS301_nucl,FS303_nucl,FS305_nucl,FS306_nucl,FS307_nucl,FS309_nucl,FS310_nucl,FS326_nucl,FS327_nucl,FS329_nucl,FS331_nucl,FS333_nucl,FS391_nucl,FS392_nucl,FS393_nucl
REZchr3-1F	chr3	+	10000000	15000000	25	1.687284137672962	1.5660814926120843	FS185_nucl,FS186_nucl,FS188_nucl,FS189_nucl,FS197_nucl,FS198_nucl,FS199_nucl,FS201_nucl,FS203_nucl,FS300_nucl,FS301_nucl,FS303_nucl,FS305_nucl,FS306_nucl,FS307_nucl,FS309_nucl,FS310_nucl,FS326_nucl,FS327_nucl,FS329_nucl,FS331_nucl,FS333_nucl,FS391_nucl,FS392_nucl,FS393_nucl
REZchr3-2F	chr3	+	45000000	50000000	26	1.737780109159447	1.608916835158364	FS185_nucl,FS186_nucl,FS187_nucl,FS188_nucl,FS189_nucl,FS197_nucl,FS198_nucl,FS199_nucl,FS201_nucl,FS203_nucl,FS300_nucl,FS301_nucl,FS303_nucl,FS305_nucl,FS306_nucl,FS307_nucl,FS309_nucl,FS310_nucl,FS326_nucl,FS327_nucl,FS329_nucl,FS331_nucl,FS333_nucl,FS391_nucl,FS392_nucl,FS393_nucl
REZchr3-3F	chr3	+	50000000	55000000	25	1.6465718602782389	1.4915205449445668	FS185_nucl,FS186_nucl,FS188_nucl,FS189_nucl,FS197_nucl,FS198_nucl,FS199_nucl,FS201_nucl,FS203_nucl,FS300_nucl,FS301_nucl,FS303_nucl,FS305_nucl,FS306_nucl,FS307_nucl,FS309_nucl,FS310_nucl,FS326_nucl,FS327_nucl,FS329_nucl,FS331_nucl,FS333_nucl,FS391_nucl,FS392_nucl,FS393_nucl
REZchr5-1F	chr5	+	170000000	175000000	25	1.7378502003312966	1.742324802581269	FS185_nucl,FS186_nucl,FS188_nucl,FS189_nucl,FS197_nucl,FS198_nucl,FS199_nucl,FS201_nucl,FS203_nucl,FS300_nucl,FS301_nucl,FS303_nucl,FS305_nucl,FS306_nucl,FS307_nucl,FS309_nucl,FS310_nucl,FS326_nucl,FS327_nucl,FS329_nucl,FS331_nucl,FS333_nucl,FS391_nucl,FS392_nucl,FS393_nucl
REZchr6-1F	chr6	+	30000000	35000000	25	1.5444541748994167	1.5344041411748006	FS185_nucl,FS186_nucl,FS188_nucl,FS189_nucl,FS197_nucl,FS198_nucl,FS199_nucl,FS201_nucl,FS203_nucl,FS300_nucl,FS301_nucl,FS303_nucl,FS305_nucl,FS306_nucl,FS307_nucl,FS309_nucl,FS310_nucl,FS326_nucl,FS327_nucl,FS329_nucl,FS331_nucl,FS333_nucl,FS391_nucl,FS392_nucl,FS393_nucl
REZchr6-2F	chr6	+	35000000	40000000	26	1.4193163818048795	1.3613441082172912	FS185_nucl,FS186_nucl,FS187_nucl,FS188_nucl,FS189_nucl,FS197_nucl,FS198_nucl,FS199_nucl,FS201_nucl,FS203_nucl,FS300_nucl,FS301_nucl,FS303_nucl,FS305_nucl,FS306_nucl,FS307_nucl,FS309_nucl,FS310_nucl,FS326_nucl,FS327_nucl,FS329_nucl,FS331_nucl,FS333_nucl,FS391_nucl,FS392_nucl,FS393_nucl
REZchr6-3F	chr6	+	40000000	45000000	24	1.4648390869476697	1.4812408515137803	FS185_nucl,FS186_nucl,FS188_nucl,FS189_nucl,FS197_nucl,FS198_nucl,FS199_nucl,FS201_nucl,FS203_nucl,FS300_nucl,FS301_nucl,FS303_nucl,FS305_nucl,FS306_nucl,FS307_nucl,FS309_nucl,FS310_nucl,FS327_nucl,FS329_nucl,FS331_nucl,FS333_nucl,FS391_nucl,FS392_nucl,FS393_nucl
REZchr7-1F	chr7	+	0	5000000	24	1.7286459698383883	1.65991252686251	FS185_nucl,FS186_nucl,FS188_nucl,FS189_nucl,FS197_nucl,FS198_nucl,FS199_nucl,FS201_nucl,FS203_nucl,FS300_nucl,FS301_nucl,FS303_nucl,FS305_nucl,FS306_nucl,FS307_nucl,FS309_nucl,FS326_nucl,FS327_nucl,FS329_nucl,FS331_nucl,FS333_nucl,FS391_nucl,FS392_nucl,FS393_nucl
REZchr8-1F	chr8	+	140000000	145000000	25	1.9767391318930583	1.8777990556802215	FS185_nucl,FS186_nucl,FS188_nucl,FS189_nucl,FS197_nucl,FS198_nucl,FS199_nucl,FS201_nucl,FS203_nucl,FS300_nucl,FS301_nucl,FS303_nucl,FS305_nucl,FS306_nucl,FS307_nucl,FS309_nucl,FS310_nucl,FS326_nucl,FS327_nucl,FS329_nucl,FS331_nucl,FS333_nucl,FS391_nucl,FS392_nucl,FS393_nucl
REZchr9-1F	chr9	+	120000000	125000000	24	1.3709248553428355	1.3454445585888828	FS185_nucl,FS186_nucl,FS188_nucl,FS189_nucl,FS197_nucl,FS198_nucl,FS199_nucl,FS201_nucl,FS203_nucl,FS300_nucl,FS301_nucl,FS303_nucl,FS305_nucl,FS306_nucl,FS307_nucl,FS309_nucl,FS310_nucl,FS327_nucl,FS329_nucl,FS331_nucl,FS333_nucl,FS391_nucl,FS392_nucl,FS393_nucl
REZchr9-2F	chr9	+	125000000	130000000	26	1.6784175248259787	1.6348261988235389	FS185_nucl,FS186_nucl,FS187_nucl,FS188_nucl,FS189_nucl,FS197_nucl,FS198_nucl,FS199_nucl,FS201_nucl,FS203_nucl,FS300_nucl,FS301_nucl,FS303_nucl,FS305_nucl,FS306_nucl,FS307_nucl,FS309_nucl,FS310_nucl,FS326_nucl,FS327_nucl,FS329_nucl,FS331_nucl,FS333_nucl,FS391_nucl,FS392_nucl,FS393_nucl
REZchr9-3F	chr9	+	130000000	135000000	25	1.818473933592088	1.7273006901262324	FS185_nucl,FS186_nucl,FS188_nucl,FS189_nucl,FS197_nucl,FS198_nucl,FS199_nucl,FS201_nucl,FS203_nucl,FS300_nucl,FS301_nucl,FS303_nucl,FS305_nucl,FS306_nucl,FS307_nucl,FS309_nucl,FS310_nucl,FS326_nucl,FS327_nucl,FS329_nucl,FS331_nucl,FS333_nucl,FS391_nucl,FS392_nucl,FS393_nucl
REZchr9-4F	chr9	+	135000000	138394717	24	2.0410245319900877	1.8753096932182887	FS185_nucl,FS186_nucl,FS188_nucl,FS189_nucl,FS197_nucl,FS198_nucl,FS201_nucl,FS203_nucl,FS300_nucl,FS301_nucl,FS303_nucl,FS305_nucl,FS306_nucl,FS307_nucl,FS309_nucl,FS310_nucl,FS326_nucl,FS327_nucl,FS329_nucl,FS331_nucl,FS333_nucl,FS391_nucl,FS392_nucl,FS393_nucl
REZchr1-10R	chr1	-	225000000	230000000	24	2.0385258765981753	2.363805408067963	FS185_nucl,FS186_nucl,FS188_nucl,FS189_nucl,FS197_nucl,FS198_nucl,FS201_nucl,FS203_nucl,FS300_nucl,FS301_nucl,FS303_nucl,FS305_nucl,FS306_nucl,FS307_nucl,FS309_nucl,FS310_nucl,FS326_nucl,FS327_nucl,FS329_nucl,FS331_nucl,FS333_nucl,FS391_nucl,FS392_nucl,FS393_nucl
REZchr1-1R	chr1	-	25000000	30000000	26	1.6705207263002473	1.60700515719748	FS185_nucl,FS186_nucl,FS187_nucl,FS188_nucl,FS189_nucl,FS197_nucl,FS198_nucl,FS199_nucl,FS201_nucl,FS203_nucl,FS300_nucl,FS301_nucl,FS303_nucl,FS305_nucl,FS306_nucl,FS307_nucl,FS309_nucl,FS310_nucl,FS326_nucl,FS327_nucl,FS329_nucl,FS331_nucl,FS333_nucl,FS391_nucl,FS392_nucl,FS393_nucl
REZchr1-2R	chr1	-	30000000	35000000	25	1.7188319005122736	1.6081772255140367	FS185_nucl,FS186_nucl,FS188_nucl,FS189_nucl,FS197_nucl,FS198_nucl,FS199_nucl,FS201_nucl,FS203_nucl,FS300_nucl,FS301_nucl,FS303_nucl,FS305_nucl,FS306_nucl,FS307_nucl,FS309_nucl,FS310_nucl,FS326_nucl,FS327_nucl,FS329_nucl,FS331_nucl,FS333_nucl,FS391_nucl,FS392_nucl,FS393_nucl
REZchr1-3R	chr1	-	35000000	40000000	26	1.5248335693906063	1.4658058913242291	FS185_nucl,FS186_nucl,FS187_nucl,FS188_nucl,FS189_nucl,FS197_nucl,FS198_nucl,FS199_nucl,FS201_nucl,FS203_nucl,FS300_nucl,FS301_nucl,FS303_nucl,FS305_nucl,FS306_nucl,FS307_nucl,FS309_nucl,FS310_nucl,FS326_nucl,FS327_nucl,FS329_nucl,FS331_nucl,FS333_nucl,FS391_nucl,FS392_nucl,FS393_nucl
REZchr1-4R	chr1	-	40000000	45000000	25	1.5457074216061286	1.4619682246768744	FS185_nucl,FS186_nucl,FS188_nucl,FS189_nucl,FS197_nucl,FS198_nucl,FS199_nucl,FS201_nucl,FS203_nucl,FS300_nucl,FS301_nucl,FS303_nucl,FS305_nucl,FS306_nucl,FS307_nucl,FS309_nucl,FS310_nucl,FS326_nucl,FS327_nucl,FS329_nucl,FS331_nucl,FS333_nucl,FS391_nucl,FS392_nucl,FS393_nucl
REZchr1-5R	chr1	-	50000000	55000000	25	1.4574721831522093	1.3938423421356898	FS185_nucl,FS186_nucl,FS187_nucl,FS188_nucl,FS197_nucl,FS198_nucl,FS199_nucl,FS201_nucl,FS203_nucl,FS300_nucl,FS301_nucl,FS303_nucl,FS305_nucl,FS306_nucl,FS307_nucl,FS309_nucl,FS310_nucl,FS326_nucl,FS327_nucl,FS329_nucl,FS331_nucl,FS333_nucl,FS391_nucl,FS392_nucl,FS393_nucl
REZchr1-6R	chr1	-	110000000	115000000	24	1.4797897084334928	1.4979002857228028	FS185_nucl,FS186_nucl,FS187_nucl,FS188_nucl,FS189_nucl,FS197_nucl,FS201_nucl,FS203_nucl,FS300_nucl,FS301_nucl,FS303_nucl,FS305_nucl,FS306_nucl,FS307_nucl,FS309_nucl,FS310_nucl,FS326_nucl,FS327_nucl,FS329_nucl,FS331_nucl,FS333_nucl,FS391_nucl,FS392_nucl,FS393_nucl
REZchr1-7R	chr1	-	150000000	155000000	26	1.6011101085121628	1.58967771279378	FS185_nucl,FS186_nucl,FS187_nucl,FS188_nucl,FS189_nucl,FS197_nucl,FS198_nucl,FS199_nucl,FS201_nucl,FS203_nucl,FS300_nucl,FS301_nucl,FS303_nucl,FS305_nucl,FS306_nucl,FS307_nucl,FS309_nucl,FS310_nucl,FS326_nucl,FS327_nucl,FS329_nucl,FS331_nucl,FS333_nucl,FS391_nucl,FS392_nucl,FS393_nucl
REZchr1-8R	chr1	-	155000000	160000000	25	1.5519497266412066	1.552785698264539	FS185_nucl,FS186_nucl,FS188_nucl,FS189_nucl,FS197_nucl,FS198_nucl,FS199_nucl,FS201_nucl,FS203_nucl,FS300_nucl,FS301_nucl,FS303_nucl,FS305_nucl,FS306_nucl,FS307_nucl,FS309_nucl,FS310_nucl,FS326_nucl,FS327_nucl,FS329_nucl,FS331_nucl,FS333_nucl,FS391_nucl,FS392_nucl,FS393_nucl
REZchr1-9R	chr1	-	200000000	205000000	25	1.677978799874738	1.6702346070550464	FS185_nucl,FS186_nucl,FS188_nucl,FS189_nucl,FS197_nucl,FS198_nucl,FS199_nucl,FS201_nucl,FS203_nucl,FS300_nucl,FS301_nucl,FS303_nucl,FS305_nucl,FS306_nucl,FS307_nucl,FS309_nucl,FS310_nucl,FS326_nucl,FS327_nucl,FS329_nucl,FS331_nucl,FS333_nucl,FS391_nucl,FS392_nucl,FS393_nucl
REZchr10-1R	chr10	-	70000000	75000000	26	1.4003921526581389	1.3844498491834643	FS185_nucl,FS186_nucl,FS187_nucl,FS188_nucl,FS189_nucl,FS197_nucl,FS198_nucl,FS199_nucl,FS201_nucl,FS203_nucl,FS300_nucl,FS301_nucl,FS303_nucl,FS305_nucl,FS306_nucl,FS307_nucl,FS309_nucl,FS310_nucl,FS326_nucl,FS327_nucl,FS329_nucl,FS331_nucl,FS333_nucl,FS391_nucl,FS392_nucl,FS393_nucl
REZchr10-2R	chr10	-	100000000	105000000	26	1.5125666259481128	1.5036473551803229	FS185_nucl,FS186_nucl,FS187_nucl,FS188_nucl,FS189_nucl,FS197_nucl,FS198_nucl,FS199_nucl,FS201_nucl,FS203_nucl,FS300_nucl,FS301_nucl,FS303_nucl,FS305_nucl,FS306_nucl,FS307_nucl,FS309_nucl,FS310_nucl,FS326_nucl,FS327_nucl,FS329_nucl,FS331_nucl,FS333_nucl,FS391_nucl,FS392_nucl,FS393_nucl
REZchr11-1R	chr11	-	65000000	70000000	24	1.7315992250133039	1.6131544558102944	FS185_nucl,FS186_nucl,FS188_nucl,FS189_nucl,FS197_nucl,FS198_nucl,FS199_nucl,FS201_nucl,FS203_nucl,FS300_nucl,FS301_nucl,FS303_nucl,FS305_nucl,FS306_nucl,FS307_nucl,FS309_nucl,FS326_nucl,FS327_nucl,FS329_nucl,FS331_nucl,FS333_nucl,FS391_nucl,FS392_nucl,FS393_nucl
REZchr12-1R	chr12	-	0	5000000	26	1.440786515388224	1.466809443563371	FS185_nucl,FS186_nucl,FS187_nucl,FS188_nucl,FS189_nucl,FS197_nucl,FS198_nucl,FS199_nucl,FS201_nucl,FS203_nucl,FS300_nucl,FS301_nucl,FS303_nucl,FS305_nucl,FS306_nucl,FS307_nucl,FS309_nucl,FS310_nucl,FS326_nucl,FS327_nucl,FS329_nucl,FS331_nucl,FS333_nucl,FS391_nucl,FS392_nucl,FS393_nucl
REZchr12-2R	chr12	-	50000000	55000000	26	1.5071934451199467	1.5098731536525365	FS185_nucl,FS186_nucl,FS187_nucl,FS188_nucl,FS189_nucl,FS197_nucl,FS198_nucl,FS199_nucl,FS201_nucl,FS203_nucl,FS300_nucl,FS301_nucl,FS303_nucl,FS305_nucl,FS306_nucl,FS307_nucl,FS309_nucl,FS310_nucl,FS326_nucl,FS327_nucl,FS329_nucl,FS331_nucl,FS333_nucl,FS391_nucl,FS392_nucl,FS393_nucl
REZchr12-3R	chr12	-	110000000	115000000	26	1.414419425193452	1.407770371140654	FS185_nucl,FS186_nucl,FS187_nucl,FS188_nucl,FS189_nucl,FS197_nucl,FS198_nucl,FS199_nucl,FS201_nucl,FS203_nucl,FS300_nucl,FS301_nucl,FS303_nucl,FS305_nucl,FS306_nucl,FS307_nucl,FS309_nucl,FS310_nucl,FS326_nucl,FS327_nucl,FS329_nucl,FS331_nucl,FS333_nucl,FS391_nucl,FS392_nucl,FS393_nucl
REZchr12-4R	chr12	-	120000000	125000000	26	1.7904537721748346	1.7734878520899866	FS185_nucl,FS186_nucl,FS187_nucl,FS188_nucl,FS189_nucl,FS197_nucl,FS198_nucl,FS199_nucl,FS201_nucl,FS203_nucl,FS300_nucl,FS301_nucl,FS303_nucl,FS305_nucl,FS306_nucl,FS307_nucl,FS309_nucl,FS310_nucl,FS326_nucl,FS327_nucl,FS329_nucl,FS331_nucl,FS333_nucl,FS391_nucl,FS392_nucl,FS393_nucl
REZchr12-5R	chr12	-	130000000	133275309	24	1.7160709953028637	1.6063083352813212	FS185_nucl,FS188_nucl,FS189_nucl,FS197_nucl,FS198_nucl,FS199_nucl,FS201_nucl,FS203_nucl,FS300_nucl,FS301_nucl,FS303_nucl,FS305_nucl,FS306_nucl,FS307_nucl,FS309_nucl,FS310_nucl,FS326_nucl,FS327_nucl,FS329_nucl,FS331_nucl,FS333_nucl,FS391_nucl,FS392_nucl,FS393_nucl
REZchr14-1R	chr14	-	100000000	105000000	25	1.6645466663454898	1.5845160008255519	FS185_nucl,FS186_nucl,FS188_nucl,FS189_nucl,FS197_nucl,FS198_nucl,FS199_nucl,FS201_nucl,FS203_nucl,FS300_nucl,FS301_nucl,FS303_nucl,FS305_nucl,FS306_nucl,FS307_nucl,FS309_nucl,FS310_nucl,FS326_nucl,FS327_nucl,FS329_nucl,FS331_nucl,FS333_nucl,FS391_nucl,FS392_nucl,FS393_nucl
REZchr15-1R	chr15	-	65000000	70000000	25	1.6051064316016914	1.6507809485154907	FS185_nucl,FS186_nucl,FS188_nucl,FS189_nucl,FS197_nucl,FS198_nucl,FS199_nucl,FS201_nucl,FS203_nucl,FS300_nucl,FS301_nucl,FS303_nucl,FS305_nucl,FS306_nucl,FS307_nucl,FS309_nucl,FS310_nucl,FS326_nucl,FS327_nucl,FS329_nucl,FS331_nucl,FS333_nucl,FS391_nucl,FS392_nucl,FS393_nucl
REZchr15-2R	chr15	-	70000000	75000000	25	1.5866495418686026	1.6401154578215646	FS185_nucl,FS186_nucl,FS188_nucl,FS189_nucl,FS197_nucl,FS198_nucl,FS199_nucl,FS201_nucl,FS203_nucl,FS300_nucl,FS301_nucl,FS303_nucl,FS305_nucl,FS306_nucl,FS307_nucl,FS309_nucl,FS310_nucl,FS326_nucl,FS327_nucl,FS329_nucl,FS331_nucl,FS333_nucl,FS391_nucl,FS392_nucl,FS393_nucl
REZchr15-3R	chr15	-	75000000	80000000	26	1.586401960921961	1.5736658617125125	FS185_nucl,FS186_nucl,FS187_nucl,FS188_nucl,FS189_nucl,FS197_nucl,FS198_nucl,FS199_nucl,FS201_nucl,FS203_nucl,FS300_nucl,FS301_nucl,FS303_nucl,FS305_nucl,FS306_nucl,FS307_nucl,FS309_nucl,FS310_nucl,FS326_nucl,FS327_nucl,FS329_nucl,FS331_nucl,FS333_nucl,FS391_nucl,FS392_nucl,FS393_nucl
REZchr15-4R	chr15	-	90000000	95000000	25	1.3926769838103028	1.4149550987275634	FS185_nucl,FS186_nucl,FS187_nucl,FS188_nucl,FS189_nucl,FS197_nucl,FS198_nucl,FS201_nucl,FS203_nucl,FS300_nucl,FS301_nucl,FS303_nucl,FS305_nucl,FS306_nucl,FS307_nucl,FS309_nucl,FS310_nucl,FS326_nucl,FS327_nucl,FS329_nucl,FS331_nucl,FS333_nucl,FS391_nucl,FS392_nucl,FS393_nucl
REZchr16-1R	chr16	-	0	5000000	26	2.0791916826821413	1.9707230730730645	FS185_nucl,FS186_nucl,FS187_nucl,FS188_nucl,FS189_nucl,FS197_nucl,FS198_nucl,FS199_nucl,FS201_nucl,FS203_nucl,FS300_nucl,FS301_nucl,FS303_nucl,FS305_nucl,FS306_nucl,FS307_nucl,FS309_nucl,FS310_nucl,FS326_nucl,FS327_nucl,FS329_nucl,FS331_nucl,FS333_nucl,FS391_nucl,FS392_nucl,FS393_nucl
REZchr16-2R	chr16	-	65000000	70000000	24	1.4963332626922385	1.4752057782315535	FS185_nucl,FS186_nucl,FS188_nucl,FS189_nucl,FS197_nucl,FS198_nucl,FS199_nucl,FS201_nucl,FS203_nucl,FS300_nucl,FS301_nucl,FS303_nucl,FS305_nucl,FS306_nucl,FS307_nucl,FS309_nucl,FS310_nucl,FS327_nucl,FS329_nucl,FS331_nucl,FS333_nucl,FS391_nucl,FS392_nucl,FS393_nucl
REZchr16-3R	chr16	-	85000000	90000000	24	1.991129785887148	1.9686126608359849	FS185_nucl,FS186_nucl,FS188_nucl,FS189_nucl,FS197_nucl,FS198_nucl,FS201_nucl,FS203_nucl,FS300_nucl,FS301_nucl,FS303_nucl,FS305_nucl,FS306_nucl,FS307_nucl,FS309_nucl,FS310_nucl,FS326_nucl,FS327_nucl,FS329_nucl,FS331_nucl,FS333_nucl,FS391_nucl,FS392_nucl,FS393_nucl
REZchr17-1R	chr17	-	0	5000000	25	1.6868804398357928	1.625358270821931	FS185_nucl,FS186_nucl,FS188_nucl,FS189_nucl,FS197_nucl,FS198_nucl,FS199_nucl,FS201_nucl,FS203_nucl,FS300_nucl,FS301_nucl,FS303_nucl,FS305_nucl,FS306_nucl,FS307_nucl,FS309_nucl,FS310_nucl,FS326_nucl,FS327_nucl,FS329_nucl,FS331_nucl,FS333_nucl,FS391_nucl,FS392_nucl,FS393_nucl
REZchr17-2R	chr17	-	5000000	10000000	25	1.5980927521758046	1.5723200995628879	FS185_nucl,FS186_nucl,FS188_nucl,FS189_nucl,FS197_nucl,FS198_nucl,FS199_nucl,FS201_nucl,FS203_nucl,FS300_nucl,FS301_nucl,FS303_nucl,FS305_nucl,FS306_nucl,FS307_nucl,FS309_nucl,FS310_nucl,FS326_nucl,FS327_nucl,FS329_nucl,FS331_nucl,FS333_nucl,FS391_nucl,FS392_nucl,FS393_nucl
REZchr17-3R	chr17	-	40000000	45000000	25	1.6730048861774072	1.625942536240208	FS185_nucl,FS186_nucl,FS188_nucl,FS189_nucl,FS197_nucl,FS198_nucl,FS199_nucl,FS201_nucl,FS203_nucl,FS300_nucl,FS301_nucl,FS303_nucl,FS305_nucl,FS306_nucl,FS307_nucl,FS309_nucl,FS310_nucl,FS326_nucl,FS327_nucl,FS329_nucl,FS331_nucl,FS333_nucl,FS391_nucl,FS392_nucl,FS393_nucl
REZchr17-4R	chr17	-	75000000	80000000	26	1.9549349198347652	1.9604302040679844	FS185_nucl,FS186_nucl,FS187_nucl,FS188_nucl,FS189_nucl,FS197_nucl,FS198_nucl,FS199_nucl,FS201_nucl,FS203_nucl,FS300_nucl,FS301_nucl,FS303_nucl,FS305_nucl,FS306_nucl,FS307_nucl,FS309_nucl,FS310_nucl,FS326_nucl,FS327_nucl,FS329_nucl,FS331_nucl,FS333_nucl,FS391_nucl,FS392_nucl,FS393_nucl
REZchr17-5R	chr17	-	80000000	83257441	25	2.1501720354914498	2.0278135659611296	FS185_nucl,FS186_nucl,FS188_nucl,FS189_nucl,FS197_nucl,FS198_nucl,FS199_nucl,FS201_nucl,FS203_nucl,FS300_nucl,FS301_nucl,FS303_nucl,FS305_nucl,FS306_nucl,FS307_nucl,FS309_nucl,FS310_nucl,FS326_nucl,FS327_nucl,FS329_nucl,FS331_nucl,FS333_nucl,FS391_nucl,FS392_nucl,FS393_nucl
REZchr19-1R	chr19	-	0	5000000	24	2.224933279069193	2.0419175983674926	FS185_nucl,FS186_nucl,FS188_nucl,FS189_nucl,FS197_nucl,FS198_nucl,FS201_nucl,FS203_nucl,FS300_nucl,FS301_nucl,FS303_nucl,FS305_nucl,FS306_nucl,FS307_nucl,FS309_nucl,FS310_nucl,FS326_nucl,FS327_nucl,FS329_nucl,FS331_nucl,FS333_nucl,FS391_nucl,FS392_nucl,FS393_nucl
REZchr19-2R	chr19	-	5000000	10000000	25	1.6510659590084864	1.614349984104694	FS185_nucl,FS186_nucl,FS187_nucl,FS188_nucl,FS189_nucl,FS197_nucl,FS198_nucl,FS201_nucl,FS203_nucl,FS300_nucl,FS301_nucl,FS303_nucl,FS305_nucl,FS306_nucl,FS307_nucl,FS309_nucl,FS310_nucl,FS326_nucl,FS327_nucl,FS329_nucl,FS331_nucl,FS333_nucl,FS391_nucl,FS392_nucl,FS393_nucl
REZchr19-3R	chr19	-	10000000	15000000	26	1.75523694322445	1.7779404648583519	FS185_nucl,FS186_nucl,FS187_nucl,FS188_nucl,FS189_nucl,FS197_nucl,FS198_nucl,FS199_nucl,FS201_nucl,FS203_nucl,FS300_nucl,FS301_nucl,FS303_nucl,FS305_nucl,FS306_nucl,FS307_nucl,FS309_nucl,FS310_nucl,FS326_nucl,FS327_nucl,FS329_nucl,FS331_nucl,FS333_nucl,FS391_nucl,FS392_nucl,FS393_nucl
REZchr19-4R	chr19	-	15000000	20000000	26	1.8147576735223037	1.7566572132564637	FS185_nucl,FS186_nucl,FS187_nucl,FS188_nucl,FS189_nucl,FS197_nucl,FS198_nucl,FS199_nucl,FS201_nucl,FS203_nucl,FS300_nucl,FS301_nucl,FS303_nucl,FS305_nucl,FS306_nucl,FS307_nucl,FS309_nucl,FS310_nucl,FS326_nucl,FS327_nucl,FS329_nucl,FS331_nucl,FS333_nucl,FS391_nucl,FS392_nucl,FS393_nucl
REZchr19-5R	chr19	-	35000000	40000000	26	1.5075791968657912	1.5203771841694986	FS185_nucl,FS186_nucl,FS187_nucl,FS188_nucl,FS189_nucl,FS197_nucl,FS198_nucl,FS199_nucl,FS201_nucl,FS203_nucl,FS300_nucl,FS301_nucl,FS303_nucl,FS305_nucl,FS306_nucl,FS307_nucl,FS309_nucl,FS310_nucl,FS326_nucl,FS327_nucl,FS329_nucl,FS331_nucl,FS333_nucl,FS391_nucl,FS392_nucl,FS393_nucl
REZchr19-6R	chr19	-	40000000	45000000	24	1.4940347056982863	1.474200614614229	FS185_nucl,FS186_nucl,FS188_nucl,FS189_nucl,FS197_nucl,FS198_nucl,FS201_nucl,FS203_nucl,FS300_nucl,FS301_nucl,FS303_nucl,FS305_nucl,FS306_nucl,FS307_nucl,FS309_nucl,FS310_nucl,FS326_nucl,FS327_nucl,FS329_nucl,FS331_nucl,FS333_nucl,FS391_nucl,FS392_nucl,FS393_nucl
REZchr19-7R	chr19	-	45000000	50000000	26	1.9133557592100274	1.8911702436805677	FS185_nucl,FS186_nucl,FS187_nucl,FS188_nucl,FS189_nucl,FS197_nucl,FS198_nucl,FS199_nucl,FS201_nucl,FS203_nucl,FS300_nucl,FS301_nucl,FS303_nucl,FS305_nucl,FS306_nucl,FS307_nucl,FS309_nucl,FS310_nucl,FS326_nucl,FS327_nucl,FS329_nucl,FS331_nucl,FS333_nucl,FS391_nucl,FS392_nucl,FS393_nucl
REZchr2-1R	chr2	-	25000000	30000000	26	1.4286356049409443	1.4190711815716424	FS185_nucl,FS186_nucl,FS187_nucl,FS188_nucl,FS189_nucl,FS197_nucl,FS198_nucl,FS199_nucl,FS201_nucl,FS203_nucl,FS300_nucl,FS301_nucl,FS303_nucl,FS305_nucl,FS306_nucl,FS307_nucl,FS309_nucl,FS310_nucl,FS326_nucl,FS327_nucl,FS329_nucl,FS331_nucl,FS333_nucl,FS391_nucl,FS392_nucl,FS393_nucl
REZchr20-1R	chr20	-	60000000	64444167	24	1.6854899106371228	1.6587644732789468	FS185_nucl,FS188_nucl,FS189_nucl,FS197_nucl,FS198_nucl,FS199_nucl,FS201_nucl,FS203_nucl,FS300_nucl,FS301_nucl,FS303_nucl,FS305_nucl,FS306_nucl,FS307_nucl,FS309_nucl,FS310_nucl,FS326_nucl,FS327_nucl,FS329_nucl,FS331_nucl,FS333_nucl,FS391_nucl,FS392_nucl,FS393_nucl
REZchr22-1R	chr22	-	25000000	30000000	24	1.5884540643446032	1.5886366584984333	FS185_nucl,FS186_nucl,FS188_nucl,FS197_nucl,FS198_nucl,FS199_nucl,FS201_nucl,FS203_nucl,FS300_nucl,FS301_nucl,FS303_nucl,FS305_nucl,FS306_nucl,FS307_nucl,FS309_nucl,FS310_nucl,FS326_nucl,FS327_nucl,FS329_nucl,FS331_nucl,FS333_nucl,FS391_nucl,FS392_nucl,FS393_nucl
REZchr22-2R	chr22	-	30000000	35000000	25	1.514079071069584	1.5083152648793825	FS185_nucl,FS186_nucl,FS188_nucl,FS189_nucl,FS197_nucl,FS198_nucl,FS199_nucl,FS201_nucl,FS203_nucl,FS300_nucl,FS301_nucl,FS303_nucl,FS305_nucl,FS306_nucl,FS307_nucl,FS309_nucl,FS310_nucl,FS326_nucl,FS327_nucl,FS329_nucl,FS331_nucl,FS333_nucl,FS391_nucl,FS392_nucl,FS393_nucl
REZchr22-3R	chr22	-	35000000	40000000	25	2.0352508479592073	1.9877344280465188	FS185_nucl,FS186_nucl,FS188_nucl,FS189_nucl,FS197_nucl,FS198_nucl,FS199_nucl,FS201_nucl,FS203_nucl,FS300_nucl,FS301_nucl,FS303_nucl,FS305_nucl,FS306_nucl,FS307_nucl,FS309_nucl,FS310_nucl,FS326_nucl,FS327_nucl,FS329_nucl,FS331_nucl,FS333_nucl,FS391_nucl,FS392_nucl,FS393_nucl
REZchr22-4R	chr22	-	40000000	45000000	25	1.9065278090659075	1.8468721327675035	FS185_nucl,FS186_nucl,FS188_nucl,FS189_nucl,FS197_nucl,FS198_nucl,FS199_nucl,FS201_nucl,FS203_nucl,FS300_nucl,FS301_nucl,FS303_nucl,FS305_nucl,FS306_nucl,FS307_nucl,FS309_nucl,FS310_nucl,FS326_nucl,FS327_nucl,FS329_nucl,FS331_nucl,FS333_nucl,FS391_nucl,FS392_nucl,FS393_nucl
REZchr22-5R	chr22	-	45000000	50000000	25	1.905142458923714	1.8724343965059504	FS185_nucl,FS186_nucl,FS188_nucl,FS189_nucl,FS197_nucl,FS198_nucl,FS199_nucl,FS201_nucl,FS203_nucl,FS300_nucl,FS301_nucl,FS303_nucl,FS305_nucl,FS306_nucl,FS307_nucl,FS309_nucl,FS310_nucl,FS326_nucl,FS327_nucl,FS329_nucl,FS331_nucl,FS333_nucl,FS391_nucl,FS392_nucl,FS393_nucl
REZchr22-6R	chr22	-	50000000	50818468	24	2.3357927252155894	2.25241920475412	FS185_nucl,FS186_nucl,FS188_nucl,FS189_nucl,FS197_nucl,FS198_nucl,FS201_nucl,FS203_nucl,FS300_nucl,FS301_nucl,FS303_nucl,FS305_nucl,FS306_nucl,FS307_nucl,FS309_nucl,FS310_nucl,FS326_nucl,FS327_nucl,FS329_nucl,FS331_nucl,FS333_nucl,FS391_nucl,FS392_nucl,FS393_nucl
REZchr3-1R	chr3	-	10000000	15000000	25	1.7134972866099902	1.5748338380631877	FS185_nucl,FS186_nucl,FS188_nucl,FS189_nucl,FS197_nucl,FS198_nucl,FS199_nucl,FS201_nucl,FS203_nucl,FS300_nucl,FS301_nucl,FS303_nucl,FS305_nucl,FS306_nucl,FS307_nucl,FS309_nucl,FS310_nucl,FS326_nucl,FS327_nucl,FS329_nucl,FS331_nucl,FS333_nucl,FS391_nucl,FS392_nucl,FS393_nucl
REZchr3-2R	chr3	-	45000000	50000000	25	1.7029093568386946	1.5669640625570975	FS185_nucl,FS186_nucl,FS188_nucl,FS189_nucl,FS197_nucl,FS198_nucl,FS199_nucl,FS201_nucl,FS203_nucl,FS300_nucl,FS301_nucl,FS303_nucl,FS305_nucl,FS306_nucl,FS307_nucl,FS309_nucl,FS310_nucl,FS326_nucl,FS327_nucl,FS329_nucl,FS331_nucl,FS333_nucl,FS391_nucl,FS392_nucl,FS393_nucl
REZchr3-3R	chr3	-	50000000	55000000	25	1.6766750218654822	1.5446392655145789	FS185_nucl,FS186_nucl,FS188_nucl,FS189_nucl,FS197_nucl,FS198_nucl,FS199_nucl,FS201_nucl,FS203_nucl,FS300_nucl,FS301_nucl,FS303_nucl,FS305_nucl,FS306_nucl,FS307_nucl,FS309_nucl,FS310_nucl,FS326_nucl,FS327_nucl,FS329_nucl,FS331_nucl,FS333_nucl,FS391_nucl,FS392_nucl,FS393_nucl
REZchr3-4R	chr3	-	125000000	130000000	25	1.4562094214626973	1.4265305032339437	FS185_nucl,FS186_nucl,FS188_nucl,FS189_nucl,FS197_nucl,FS198_nucl,FS199_nucl,FS201_nucl,FS203_nucl,FS300_nucl,FS301_nucl,FS303_nucl,FS305_nucl,FS306_nucl,FS307_nucl,FS309_nucl,FS310_nucl,FS326_nucl,FS327_nucl,FS329_nucl,FS331_nucl,FS333_nucl,FS391_nucl,FS392_nucl,FS393_nucl
REZchr4-1R	chr4	-	0	5000000	24	1.7536454545217788	1.7121626410722441	FS185_nucl,FS186_nucl,FS188_nucl,FS189_nucl,FS197_nucl,FS198_nucl,FS201_nucl,FS203_nucl,FS300_nucl,FS301_nucl,FS303_nucl,FS305_nucl,FS306_nucl,FS307_nucl,FS309_nucl,FS310_nucl,FS326_nucl,FS327_nucl,FS329_nucl,FS331_nucl,FS333_nucl,FS391_nucl,FS392_nucl,FS393_nucl
REZchr5-1R	chr5	-	170000000	175000000	24	1.7574421554618773	1.719072580556097	FS185_nucl,FS186_nucl,FS188_nucl,FS189_nucl,FS197_nucl,FS198_nucl,FS201_nucl,FS203_nucl,FS300_nucl,FS301_nucl,FS303_nucl,FS305_nucl,FS306_nucl,FS307_nucl,FS309_nucl,FS310_nucl,FS326_nucl,FS327_nucl,FS329_nucl,FS331_nucl,FS333_nucl,FS391_nucl,FS392_nucl,FS393_nucl
REZchr6-1R	chr6	-	30000000	35000000	24	1.5156012625337072	1.509097248257015	FS185_nucl,FS186_nucl,FS188_nucl,FS189_nucl,FS197_nucl,FS198_nucl,FS201_nucl,FS203_nucl,FS300_nucl,FS301_nucl,FS303_nucl,FS305_nucl,FS306_nucl,FS307_nucl,FS309_nucl,FS310_nucl,FS326_nucl,FS327_nucl,FS329_nucl,FS331_nucl,FS333_nucl,FS391_nucl,FS392_nucl,FS393_nucl
REZchr6-2R	chr6	-	35000000	40000000	24	1.4602617006604	1.3714324257537844	FS185_nucl,FS186_nucl,FS188_nucl,FS189_nucl,FS197_nucl,FS198_nucl,FS199_nucl,FS201_nucl,FS203_nucl,FS300_nucl,FS301_nucl,FS303_nucl,FS305_nucl,FS306_nucl,FS307_nucl,FS309_nucl,FS310_nucl,FS327_nucl,FS329_nucl,FS331_nucl,FS333_nucl,FS391_nucl,FS392_nucl,FS393_nucl
REZchr6-3R	chr6	-	40000000	45000000	25	1.4677971726235561	1.4662886512839992	FS185_nucl,FS186_nucl,FS188_nucl,FS189_nucl,FS197_nucl,FS198_nucl,FS199_nucl,FS201_nucl,FS203_nucl,FS300_nucl,FS301_nucl,FS303_nucl,FS305_nucl,FS306_nucl,FS307_nucl,FS309_nucl,FS310_nucl,FS326_nucl,FS327_nucl,FS329_nucl,FS331_nucl,FS333_nucl,FS391_nucl,FS392_nucl,FS393_nucl
REZchr8-1R	chr8	-	140000000	145000000	25	1.8859846513017067	1.7469454653453262	FS185_nucl,FS186_nucl,FS188_nucl,FS189_nucl,FS197_nucl,FS198_nucl,FS199_nucl,FS201_nucl,FS203_nucl,FS300_nucl,FS301_nucl,FS303_nucl,FS305_nucl,FS306_nucl,FS307_nucl,FS309_nucl,FS310_nucl,FS326_nucl,FS327_nucl,FS329_nucl,FS331_nucl,FS333_nucl,FS391_nucl,FS392_nucl,FS393_nucl
REZchr9-1R	chr9	-	125000000	130000000	26	1.7074244488160242	1.6487498679191435	FS185_nucl,FS186_nucl,FS187_nucl,FS188_nucl,FS189_nucl,FS197_nucl,FS198_nucl,FS199_nucl,FS201_nucl,FS203_nucl,FS300_nucl,FS301_nucl,FS303_nucl,FS305_nucl,FS306_nucl,FS307_nucl,FS309_nucl,FS310_nucl,FS326_nucl,FS327_nucl,FS329_nucl,FS331_nucl,FS333_nucl,FS391_nucl,FS392_nucl,FS393_nucl
REZchr9-2R	chr9	-	130000000	135000000	26	1.8324776795055355	1.729687229935137	FS185_nucl,FS186_nucl,FS187_nucl,FS188_nucl,FS189_nucl,FS197_nucl,FS198_nucl,FS199_nucl,FS201_nucl,FS203_nucl,FS300_nucl,FS301_nucl,FS303_nucl,FS305_nucl,FS306_nucl,FS307_nucl,FS309_nucl,FS310_nucl,FS326_nucl,FS327_nucl,FS329_nucl,FS331_nucl,FS333_nucl,FS391_nucl,FS392_nucl,FS393_nucl
REZchr9-3R	chr9	-	135000000	138394717	24	1.9676449046771427	1.836313970731534	FS185_nucl,FS186_nucl,FS188_nucl,FS189_nucl,FS197_nucl,FS198_nucl,FS201_nucl,FS203_nucl,FS300_nucl,FS301_nucl,FS303_nucl,FS305_nucl,FS306_nucl,FS307_nucl,FS309_nucl,FS310_nucl,FS326_nucl,FS327_nucl,FS329_nucl,FS331_nucl,FS333_nucl,FS391_nucl,FS392_nucl,FS393_nucl
